,feature,value,precision,recall,fbeta
0,race,white,0.8158660844250364,0.6153705397987191,0.7015750495462606
1,race,asian-pac-islander,0.75,0.6818181818181818,0.7142857142857143
2,race,black,0.8805031446540881,0.4605263157894737,0.6047516198704104
3,race,amer-indian-eskimo,0.9090909090909091,0.4,0.5555555555555556
4,race,other,0.75,0.5294117647058824,0.6206896551724139
