,feature,value,precision,recall,fbeta
0,race,white,0.8199419167473379,0.6152169965498456,0.7029774872912127
1,race,black,0.8940397350993378,0.48214285714285715,0.6264501160092808
2,race,amer-indian-eskimo,1.0,0.2916666666666667,0.45161290322580644
3,race,asian-pac-islander,0.7784090909090909,0.6715686274509803,0.7210526315789473
4,race,other,0.6666666666666666,0.4,0.5
