,feature,value,precision,recall,fbeta
0,race,white,0.821549636803874,0.6202925045703839,0.706875
1,race,black,0.88125,0.47635135135135137,0.6184210526315789
2,race,asian-pac-islander,0.7710843373493976,0.6881720430107527,0.7272727272727274
3,race,amer-indian-eskimo,0.9,0.3333333333333333,0.48648648648648646
4,race,other,0.6923076923076923,0.5294117647058824,0.5999999999999999
